{"120363212819490620@g.us":[{"keyword":"qris ","text":"Transfers langsung ke sini","url":"https://telegra.ph/file/42d650cd0d9435cd5fe57.jpg"}],"120363163382139869@g.us":[{"keyword":"jagoml ","text":"Berikut adalah tutorial bermain Mobile Legends dengan baik dan benar, serta penjelasan tentang apa itu mikro dan makro di game MOBA, termasuk penguasaan hero, emblem, dan penguasaan map:\n\n## Tutorial Bermain Mobile Legends dengan Baik dan Benar\n\n*Memilih Hero yang Tepat:*\n\n* *Pahami Role dan Kemampuan Hero:* Pelajari 5 role utama (Tank, Fighter, Assassin, Mage, Marksman) dan kemampuan hero-hero di dalamnya. Pilihlah role yang sesuai dengan gaya bermainmu.\n* *Kuasai Satu Hero:* Fokuslah untuk menguasai satu hero di setiap role. Pelajari skill, build item, dan gameplay hero tersebut.\n* *Coba Hero Baru di Mode Latihan:* Gunakan mode Brawl atau Custom untuk mencoba hero baru sebelum menggunakannya di ranked match.\n\n*Penguasaan Emblem dan Build Item:*\n\n* *Pilih Emblem yang Tepat:* Gunakan emblem yang sesuai dengan role dan hero yang kamu gunakan.\n* *Atur Build Item yang Efektif:* Sesuaikan build item dengan hero, komposisi tim, dan situasi pertandingan.\n* *Pahami Fungsi Setiap Item:* Pelajari efek dan kegunaan setiap item untuk memaksimalkan potensi heromu.\n\n*Penguasaan Map dan Mikro/Makro:*\n\n* *Peta:* Pahami jalur, buff, turtle, lord, dan objektif lainnya di map.\n* *Mikro:* Latih mekanik hero seperti farming, last hitting, poking, dan zoning.\n* *Makro:* Buatlah keputusan strategis seperti rotasi, ganking, teamfight, dan push.\n\n*Tips Lainnya:*\n\n* *Berlatih dan Bermain Konsisten:* Semakin sering kamu bermain, semakin baik kemampuanmu.\n* *Tonton Gameplay Pro Player:* Pelajari strategi dan teknik dari pemain profesional.\n* *Bergabung dengan Tim atau Komunitas:* Bermain bersama tim yang solid dapat meningkatkan kerjasama dan komunikasi.\n* *Tetap Tenang dan Fokus:* Hindari emosi dan fokuslah pada permainan.\n\n*Mikro dan Makro di Game MOBA:*\n\n*Mikro:*\n\n* Kemampuan mekanik individu seperti last hitting, farming, jungling, dan mekanik hero.\n* Fokus pada performa individu dalam pertandingan.\n\n*Makro:*\n\n* Kesadaran map, pengambilan keputusan, strategi, dan kerjasama tim.\n* Fokus pada tujuan jangka panjang dan kemenangan tim.\n\nDengan memahami dan menguasai elemen-elemen di atas, kamu dapat meningkatkan kemampuan bermain Mobile Legends dan menjadi pemain yang lebih kompeten. Jangan lupa untuk terus berlatih dan belajar dari pengalaman!","url":"-"}],"120363197648953251@g.us":[{"keyword":"DUKUN ","text":"Price Simpel/Full Fitur\n💸1 Days : 15K\n💸3 Days : 25K\n💸7 Days : 50K\n💸30 Days: 100K\n*Price Room Only [ Dukun ]*\n💸 7 Days : 40K\n💸30 Days : 80K","url":"-"},{"keyword":"ROOM WANGI ","text":"SUNTIK ROOM WANGGI \n🇱🇦 : 15K\n🇰🇭 : 10K\n🇸🇬 : 10K\n🇧🇩 : 10K\n🇧🇳 : 15K\n🇮🇳 : 10K\n🇰🇷 : 10K\n🇱🇷 : 15K\n🇲🇲 : 10K\n🇳🇵 : 10K\n🇹🇼 : 10K \n🇻🇳 : 10K \n🇼🇸 : 10K\n🇲🇴 : 10K\n🇱🇰 : 20K\n🇹🇭 : 15K\n🇲🇨 : 20K\n\nTUTOR ROOM WANGGI\n\n🇲🇨 : 60K\n🇹🇭 : 40K\n🇲🇲 : 40K\n🇧🇳 : 40K\n🇸🇬 : 40K\n🇱🇦 : 40K \n🇰🇭 : 40K","url":"-"},{"keyword":"menu ","text":"⩽⩾ *ONWER*\n❍┈┈┈┈┈┈┈┈┈┈┈┈┈┈┈┈┈┈┈┈┈◙\n⩽⩾ *𝕂𝕀ℕ𝔾𝕊𝕋𝕆ℝ𝔼*\n⩽⩾ *ℂℍ𝔼ℕℕℕ*\n❍┈┈┈┈┈┈┈┈┈┈┈┈┈┈┈┈┈┈┈┈┈◙\n│⩽⩾ *DUKUN*\n│⩽⩾ *ROOM WANGI*\n│⩽⩾ *PARTY VIP*\n│⩽⩾ *TOP UP*\n❍┈┈┈┈┈┈┈┈┈┈┈┈┈┈┈┈┈┈┈┈┈◙\n*ATURAN GRUP*\n❍┈┈┈┈┈┈┈┈┈┈┈┈┈┈┈┈┈┈┈┈┈◙\n│⩽⩾ *DILARANG RASIS*\n│⩽⩾ *FEED/NYABU KICK*\n│⩽⩾ *DILARANG SPAM*\n│⩽⩾ *DILARANG SHER BERBASIS PORNO*\n│⩽⩾ *ADA YANG RIPER SUNG PC ADMIN*\n❍┈┈┈┈┈┈┈┈┈┈┈┈┈┈┈┈┈┈┈┈┈◙\n‎‎‎‎‎‎‎‎‎‎‎‎‎‎‎‎‎‎‎‎‎‎‎‎‎‎‎‎‎‎‎‎‎‎‎‎‎‎‎‎‎‎‎‎‎‎‎‎‎‎‎‎‎‎‎‎‎‎‎‎‎‎‎‎‎‎‎‎‎‎‎‎‎‎‎‎‎‎‎‎‎‎‎‎‎‎‎‎‎‎‎‎‎‎‎‎‎‎‎‎‎‎‎‎‎‎‎‎‎‎‎‎‎‎‎‎‎‎‎‎‎‎‎‎‎‎‎‎‎‎‎‎‎‎‎‎‎‎‎‎‎‎‎‎‎‎‎‎‎‎‎‎‎‎‎‎‎‎‎‎‎‎‎‎‎‎‎‎‎‎‎‎‎‎‎‎‎‎‎‎‎‎‎‎‎‎‎‎‎‎‎‎‎‎‎‎‎‎‎‎‎‎‎‎‎‎‎‎‎‎‎‎‎‎‎‎‎‎‎‎‎‎‎‎‎‎‎‎‎‎‎‎‎‎‎‎‎‎‎‎‎‎‎‎‎‎‎‎‎‎‎‎‎‎‎‎‎‎‎‎‎‎‎‎‎‎‎‎‎‎‎‎‎‎‎‎‎‎‎‎‎‎‎‎‎‎‎‎‎‎‎‎‎‎‎‎‎‎‎‎‎‎‎‎‎‎‎‎‎‎‎‎‎‎‎‎‎‎‎‎‎‎‎‎‎‎‎‎‎‎‎‎‎‎‎‎‎‎‎‎‎‎‎‎‎‎‎‎‎‎‎‎‎‎‎‎‎‎‎‎‎‎‎‎‎‎‎‎‎‎‎‎‎‎‎‎‎‎‎‎‎‎‎‎‎‎‎‎‎‎‎‎‎‎‎‎‎‎‎‎‎‎‎‎‎‎‎‎‎‎‎‎‎‎‎‎‎‎‎‎‎‎‎‎‎‎‎‎‎‎‎‎‎‎‎‎‎‎‎‎‎‎‎‎‎‎‎‎‎‎‎‎‎‎‎‎‎‎‎‎‎‎‎‎‎‎‎‎‎‎‎‎‎‎‎‎‎‎‎‎‎‎‎‎‎‎‎‎‎‎‎‎‎‎‎‎‎‎‎‎‎‎‎‎‎‎‎‎‎‎‎‎‎‎‎‎‎‎‎‎‎‎‎‎‎‎‎‎‎‎‎‎‎‎‎‎‎‎‎‎‎‎‎‎‎‎‎‎‎‎‎‎‎‎‎‎‎‎‎‎‎‎‎‎‎‎‎‎‎‎‎‎‎‎‎‎‎‎‎‎‎‎‎‎‎‎‎‎‎‎‎‎‎‎‎‎‎‎‎‎‎‎‎‎‎‎‎‎‎‎‎‎‎‎‎‎‎‎‎‎‎‎‎‎‎‎‎‎‎‎‎‎‎‎‎‎‎‎‎‎‎‎‎‎‎‎‎‎‎‎‎‎‎‎‎‎‎‎‎‎‎‎‎‎‎‎‎‎‎‎‎‎‎‎‎‎‎‎‎‎‎‎‎‎‎‎‎‎‎‎‎‎‎‎‎‎‎‎‎‎‎‎‎‎‎‎‎‎‎‎‎‎‎‎‎‎‎‎‎‎‎‎‎‎‎‎‎‎‎‎‎‎‎‎‎‎‎‎‎‎‎‎‎‎‎‎‎‎‎‎‎‎‎‎‎‎‎‎‎‎‎‎‎‎‎‎‎‎‎‎‎‎‎‎‎‎‎‎‎‎‎‎‎‎‎‎‎‎‎‎‎‎‎‎‎‎‎‎‎‎‎‎‎‎‎‎‎‎‎‎‎‎‎‎‎‎‎‎‎‎‎‎‎‎‎‎‎‎‎‎‎‎‎‎‎‎‎‎‎‎‎‎‎‎‎‎‎‎‎‎‎‎‎‎‎‎‎‎‎‎‎‎‎‎‎‎‎‎‎‎‎‎‎‎‎‎‎‎‎‎‎‎‎‎‎‎‎‎‎‎‎‎‎‎‎‎‎‎‎‎‎‎‎‎‎‎‎‎‎‎‎‎‎‎‎‎‎‎‎‎‎‎‎‎‎‎‎‎‎‎‎‎‎‎‎‎‎‎‎‎‎‎‎‎‎‎‎‎‎‎‎‎‎‎‎‎‎‎‎‎‎‎‎‎‎‎‎‎‎‎‎‎‎‎‎‎‎‎‎‎‎‎‎‎‎‎‎‎‎‎‎‎‎‎‎‎‎‎‎‎‎‎‎‎‎‎‎‎‎‎‎‎‎‎‎‎‎‎‎‎‎‎‎‎‎‎‎‎‎‎‎‎‎‎‎‎‎‎‎‎‎‎‎‎‎‎‎‎‎‎‎‎‎‎‎‎‎‎‎‎‎‎‎‎‎‎‎‎‎‎‎‎‎‎‎‎‎‎‎‎‎‎‎‎‎‎‎‎‎‎‎‎‎‎‎‎‎‎‎‎‎‎‎‎‎‎‎‎‎‎‎‎‎‎‎‎‎‎‎‎‎‎‎‎‎‎‎‎‎‎‎‎‎‎‎‎‎‎‎‎‎‎‎‎‎‎‎‎‎‎‎‎‎‎‎‎‎‎‎‎‎‎‎‎‎‎‎‎‎‎‎‎‎‎‎‎‎‎‎‎‎‎‎‎‎‎‎‎‎‎‎‎‎‎‎‎‎‎‎‎‎‎‎‎‎‎‎‎‎‎‎‎‎‎‎‎‎‎‎‎‎‎‎‎‎‎‎‎‎‎‎‎‎‎‎‎‎‎‎‎‎‎‎‎‎‎‎‎‎‎‎‎‎‎‎‎‎‎‎‎‎‎‎‎‎‎‎‎‎‎‎‎‎‎‎‎‎‎‎‎‎‎‎‎‎‎‎‎‎‎‎‎‎‎‎‎‎‎‎‎‎‎‎‎‎‎‎‎‎‎‎‎‎‎‎‎‎‎‎‎‎‎‎‎‎‎‎‎‎‎‎‎‎‎‎‎‎‎‎‎‎‎‎‎‎‎‎‎‎‎‎‎‎‎‎‎‎‎‎‎‎‎‎‎‎‎‎‎‎‎‎‎‎‎‎‎‎‎‎‎‎‎‎‎‎‎‎‎‎‎‎‎‎‎‎‎‎‎‎‎‎‎‎‎‎‎‎‎‎‎‎‎‎‎‎‎‎‎‎‎‎‎‎‎‎‎‎‎‎‎‎‎‎‎‎‎‎‎‎‎‎‎‎‎‎‎‎‎‎‎‎‎‎‎‎‎‎‎‎‎‎‎‎‎‎‎‎‎‎‎‎‎‎‎‎‎‎‎‎‎‎‎‎‎‎‎‎‎‎‎‎‎‎‎‎‎‎‎‎‎‎‎‎‎‎‎‎‎‎‎‎‎‎‎‎‎‎‎‎‎‎‎‎‎‎‎‎‎‎‎‎‎‎‎‎‎‎‎‎‎‎‎‎‎‎‎‎‎‎‎‎‎‎‎‎‎‎‎‎‎‎‎‎‎‎‎‎‎‎‎‎‎‎‎‎‎‎‎‎‎‎‎‎‎‎‎‎‎‎‎‎‎‎‎‎‎‎‎‎‎‎‎‎‎‎‎‎‎‎‎‎‎‎‎‎‎‎‎‎‎‎‎‎‎‎‎‎‎‎‎‎‎‎‎‎‎‎‎‎‎‎‎‎‎‎‎‎‎‎‎‎‎‎‎‎‎‎‎‎‎‎‎‎‎‎‎‎‎‎‎‎‎‎‎‎‎‎‎‎‎‎‎‎‎‎‎‎‎‎‎‎‎‎‎‎‎‎‎‎‎‎‎‎‎‎‎‎‎‎‎‎‎‎‎‎‎‎‎‎‎‎‎‎‎‎‎‎‎‎‎‎‎‎‎‎‎‎‎‎‎‎‎‎‎‎‎‎‎‎‎‎‎‎‎‎‎‎‎‎‎‎‎‎‎‎‎‎‎‎‎‎‎‎‎‎‎‎‎‎‎‎‎‎‎‎‎‎‎‎‎‎‎‎‎‎‎‎‎‎‎‎‎‎‎‎‎‎‎‎‎‎‎‎‎‎‎‎‎‎‎‎‎‎‎‎‎‎‎‎‎‎‎‎‎‎‎‎‎‎‎‎‎‎‎‎‎‎‎‎‎‎‎‎‎‎‎‎‎‎‎‎‎‎‎‎‎‎‎‎‎‎‎‎‎‎‎‎‎‎‎‎‎‎‎‎‎‎‎‎‎‎‎‎‎‎‎‎‎‎‎‎‎‎‎‎‎‎‎‎‎‎‎‎‎‎‎‎‎‎‎‎‎‎‎‎‎‎‎‎‎‎‎‎‎‎‎‎‎‎‎‎‎‎‎‎‎‎‎‎‎‎‎‎‎‎‎‎‎‎‎‎‎‎‎‎‎‎‎‎‎‎‎‎‎‎‎‎‎‎‎‎‎‎‎‎‎‎‎‎‎‎‎‎‎‎‎‎‎‎‎‎‎‎‎‎‎‎‎‎‎‎‎‎‎‎‎‎‎‎‎‎‎‎‎‎‎‎‎‎‎‎‎‎‎‎‎‎‎‎‎‎‎‎‎‎‎‎‎‎‎‎‎‎‎‎‎‎‎‎‎‎‎‎‎‎‎‎‎‎‎‎‎‎‎‎‎‎‎‎‎‎‎‎‎‎‎‎‎‎‎‎‎‎‎‎‎‎‎‎‎‎‎‎‎‎‎‎‎‎‎‎‎‎‎‎‎‎‎‎‎‎‎‎‎‎‎‎‎‎‎‎‎‎‎‎‎‎‎‎‎‎‎‎‎‎‎‎‎‎‎‎‎‎‎‎‎‎‎‎‎‎‎‎‎‎‎‎‎‎‎‎‎‎‎‎‎‎‎‎‎‎‎‎‎‎‎‎‎‎‎‎‎‎‎‎‎‎‎‎‎‎‎‎‎‎‎‎‎‎‎‎‎‎‎‎‎‎‎‎‎‎‎‎‎‎‎‎‎‎‎‎‎‎‎‎‎‎‎‎‎‎‎‎‎‎‎‎‎‎‎‎‎‎‎‎‎‎‎‎‎‎‎‎‎‎‎‎‎‎‎‎‎‎‎‎‎‎‎‎‎‎‎‎‎‎‎‎‎‎‎‎‎‎‎‎‎‎‎‎‎‎‎‎‎‎‎‎‎‎‎‎‎‎‎‎‎‎‎‎‎‎‎‎‎‎‎‎‎‎‎‎‎‎‎‎‎‎‎‎‎‎‎‎‎‎‎‎‎‎‎‎‎‎‎‎‎‎‎‎‎‎‎‎‎‎‎‎‎‎‎‎‎‎‎‎‎‎‎‎‎‎‎‎‎‎‎‎‎‎‎‎‎‎‎‎‎‎‎‎‎‎‎‎‎‎‎‎‎‎‎‎‎‎‎‎‎‎‎‎‎‎‎‎‎‎‎‎‎‎‎‎‎‎‎‎‎‎‎‎‎‎‎‎‎‎‎‎‎‎‎‎‎‎‎‎‎‎‎‎‎‎‎‎‎‎‎‎‎‎‎‎‎‎‎‎‎‎‎‎‎‎‎‎‎‎‎‎‎‎‎‎‎‎‎‎‎‎‎‎‎‎‎‎‎‎‎‎‎‎‎‎‎‎‎‎‎‎‎‎‎‎‎‎‎‎‎‎‎‎‎‎‎‎‎‎‎‎‎‎‎‎‎‎‎‎‎‎‎‎‎‎‎‎‎‎‎‎‎‎‎‎‎‎‎‎‎‎‎‎‎‎‎‎‎‎‎‎‎‎‎‎‎‎‎‎‎‎‎‎‎‎‎‎‎‎‎‎‎‎‎‎‎‎‎‎‎‎‎‎‎‎‎‎‎‎‎‎‎‎‎‎‎‎‎‎‎‎‎‎‎‎‎‎‎‎‎‎‎‎‎‎‎‎‎‎‎‎‎‎‎‎‎‎‎‎‎‎‎‎‎‎‎‎‎‎‎‎‎‎‎‎‎‎‎‎‎‎‎‎‎‎‎‎‎‎‎‎‎‎‎‎‎‎‎‎‎‎‎‎‎‎‎‎‎‎‎‎‎‎‎‎‎‎‎‎‎‎‎‎‎‎‎‎‎‎‎‎‎‎‎‎‎‎‎‎‎‎‎‎‎‎‎‎‎‎‎‎‎‎‎‎‎‎‎‎‎‎‎‎‎‎‎‎‎‎‎‎‎‎‎‎‎‎‎‎‎‎‎‎‎‎‎‎‎‎‎‎‎‎‎‎‎‎‎‎‎‎‎‎‎‎‎‎‎‎‎‎‎‎‎‎‎‎‎‎‎‎‎‎‎‎‎‎‎‎‎‎‎‎‎‎‎‎‎‎‎‎‎‎‎‎‎‎‎‎‎‎‎‎‎‎‎‎‎‎‎‎‎‎‎‎‎‎‎‎‎‎‎‎‎‎‎‎‎‎‎‎‎‎‎‎‎‎‎‎‎‎‎‎‎‎‎‎‎‎‎‎‎‎‎‎‎‎‎‎‎‎‎‎‎‎‎‎‎‎‎‎‎‎‎‎‎‎‎‎‎‎‎‎‎‎‎‎‎‎‎‎‎‎‎‎‎‎‎‎‎‎‎‎‎‎‎‎‎‎‎‎‎‎‎‎‎‎‎‎‎‎‎‎‎‎‎‎‎‎‎‎‎‎‎‎‎‎‎‎‎‎‎‎‎‎‎‎‎‎‎‎‎‎‎‎‎‎‎‎‎‎‎‎‎‎‎‎‎‎‎‎‎‎‎‎‎‎‎‎‎‎‎‎‎‎‎‎‎‎‎‎‎‎‎‎‎‎‎‎‎‎‎‎‎‎‎‎‎‎‎‎‎‎‎‎‎‎‎‎‎‎‎‎‎‎‎‎‎‎‎‎‎‎‎‎‎‎‎‎‎‎‎‎‎‎‎‎‎‎‎‎‎‎‎‎‎‎‎‎‎‎‎‎‎‎‎‎‎‎‎‎‎‎‎‎‎‎‎‎‎‎‎‎‎‎‎‎‎‎‎‎‎‎‎‎‎‎‎‎‎‎‎‎‎‎‎‎‎‎‎‎‎‎‎‎‎‎‎‎‎‎‎‎‎‎‎‎‎‎‎‎‎‎‎‎‎‎‎‎‎‎‎‎‎‎‎‎‎‎‎‎‎‎‎‎‎‎‎‎‎‎‎‎‎‎‎‎‎‎‎‎‎‎‎‎‎‎‎‎‎‎‎‎‎‎‎‎‎‎‎‎‎‎‎‎‎‎‎‎‎‎‎‎‎‎‎‎‎‎‎‎‎‎‎‎‎‎‎‎‎‎‎‎‎‎‎‎‎‎‎‎‎‎‎‎‎‎‎‎‎‎‎‎‎‎‎‎‎‎‎‎‎‎‎‎‎‎‎‎‎‎‎‎‎‎‎‎‎‎‎‎‎‎‎‎‎‎‎‎‎‎‎‎‎‎‎‎‎‎‎‎‎‎‎‎‎‎‎‎‎‎‎‎‎‎‎‎‎‎‎‎‎‎‎‎‎‎‎‎‎‎‎‎‎‎‎‎‎‎‎‎‎‎‎‎‎‎‎‎‎‎‎‎‎‎‎‎‎‎‎‎‎‎‎‎‎‎‎‎‎‎‎‎‎‎‎‎‎‎‎‎‎‎‎‎‎‎‎‎‎‎‎‎‎‎‎‎‎‎‎‎‎‎‎‎‎‎‎‎‎‎‎‎‎‎‎‎‎‎‎‎‎‎‎‎‎‎‎‎‎‎‎‎‎‎‎‎‎‎‎‎‎‎‎‎‎‎‎‎‎‎‎‎‎‎‎‎‎‎‎‎‎‎‎‎‎‎‎‎‎‎‎‎‎‎‎‎‎‎‎‎‎‎‎‎‎‎‎‎‎‎‎‎‎‎‎‎‎‎‎‎‎‎‎‎‎‎‎‎‎‎‎‎‎‎‎‎‎‎‎‎‎‎‎‎‎‎‎‎‎‎‎‎‎‎‎‎‎‎‎‎‎‎‎‎‎‎‎‎‎‎‎‎‎‎‎‎‎‎‎‎‎‎‎‎‎‎‎‎‎‎‎‎‎‎‎‎‎‎‎‎‎‎‎‎‎‎‎‎‎‎‎‎‎‎‎‎‎‎‎‎‎‎‎‎‎‎‎‎‎‎‎‎‎‎‎‎‎‎‎‎‎‎‎‎‎‎‎‎‎‎‎‎‎‎‎‎‎‎‎‎‎‎‎‎‎‎‎‎‎‎‎‎‎‎‎‎‎‎‎‎‎‎‎‎‎‎‎‎‎‎‎‎‎‎‎‎‎‎‎‎‎‎‎‎‎‎‎‎‎‎‎‎‎‎‎‎‎‎‎‎‎‎‎‎‎‎‎‎‎‎‎‎‎‎‎‎‎‎‎‎‎‎‎‎‎‎‎‎‎‎‎‎‎‎‎‎‎‎‎‎‎‎‎‎‎‎‎‎‎‎‎‎‎‎‎‎‎‎‎‎‎‎‎‎‎‎‎‎‎‎‎‎‎‎‎‎‎‎‎‎‎‎‎‎‎‎‎‎‎‎‎‎‎‎‎‎‎‎‎‎‎‎‎‎‎‎‎‎‎‎‎‎‎‎‎‎‎‎‎‎‎‎‎‎‎‎‎‎‎‎‎‎‎‎‎‎‎‎‎‎‎‎‎‎‎‎‎‎‎‎‎‎‎‎‎‎‎‎‎‎‎‎‎‎‎‎‎‎‎‎‎‎‎‎‎‎‎‎‎‎‎‎‎‎‎‎‎‎‎‎‎‎‎‎‎‎‎‎‎‎‎‎‎‎‎‎‎‎‎‎‎‎‎‎‎‎‎‎‎‎‎‎‎‎‎‎‎‎‎‎‎‎‎‎‎‎‎‎‎‎‎‎‎‎‎‎‎‎‎‎‎‎‎‎‎‎‎‎‎‎‎‎‎‎\n❍┈┈「 *JOKI / JOKI GENDONG* 」\n╎╭୧⍤⃝───────────┈◦•◦❥•◦\n╎│•⟢.EPIC. : 5K ⭐\n╎│•⟢.LEGEND. : 6K ⭐\n╎│•⟢.MHYTC. : 9K ⭐\n╎│•⟢.HONOR. : 12K ⭐\n╎│•⟢.GLORY. : 15K ⭐\n╎│•⟢.IMORTAL : 18K ⭐\n╎꒰⚘݄꒱₊___________________˓˓ ⍥⃝⃝ ˒˒\n❍┈┈┈┈┈┈┈┈┈┈┈┈┈┈┈┈┈┈┈┈┈◙\n❍┈┈「 *DUKUN ROOM INFO / SIMPLE FITUR* 」\n╎╭୧⍤⃝───────────┈◦•◦❥•◦\n╎│•⟢.*SIMPLE FITUR*\n╎│•⟢.1DAYS : 15K\n╎│•⟢.3DAYS : 25K\n╎│•⟢.7DAYS : 50K\n╎│•⟢.30DAYS : 100K\n╎꒰⚘݄꒱₊___________________˓˓ ⍥⃝⃝ ˒˒\n❍┈┈┈┈┈┈┈┈┈┈┈┈┈┈┈┈┈┈┈┈┈◙\n╎│•⟢.*ROOM INFO*\n╎│•⟢.7DAYS : 40K\n╎│•⟢.30DAYS : 80K\n╎꒰⚘݄꒱₊___________________˓˓ ⍥⃝⃝ ˒˒\n❍┈┈┈┈┈┈┈┈┈┈┈┈┈┈┈┈┈┈┈┈┈◙\n❍┈┈「 *ROOM WANGI* 」\n╎╭୧⍤⃝───────────┈◦•◦❥•◦\n╎│•⟢.*SUNTIK ROOM*\n╎│•⟢.🇰🇭 : 15K\n╎│•⟢.🇸🇬 : 15K\n╎│•⟢.🇧🇳 : 20K\n╎│•⟢.🇲🇲 : 15K\n╎│•⟢.🇧🇩 : 15K \n╎│•⟢.🇹🇭 : 15K\n╎│•⟢.🇱🇰 : 20K\n╎│•⟢.🇲🇨 : 20K\n╎│•⟢.🇲🇴 : 15K\n╎│•⟢.🇻🇳 : 15K\n╎│•⟢.🇰🇷 : 15K\n╎│•⟢.🇮🇳 : 15K\n╎꒰⚘݄꒱₊___________________˓˓ ⍥⃝⃝ ˒˒\n❍┈┈┈┈┈┈┈┈┈┈┈┈┈┈┈┈┈┈┈┈┈◙\n❍┈┈「 *PARTY VIP* 」\n╎╭୧⍤⃝───────────┈◦•◦❥•◦\n╎│•⟢.*PERMATCH*\n╎│•⟢.1X : 3K\n╎│•⟢.3X : 8K\n╎│•⟢.7X : 20K\n╎│•⟢.10X : 25K\n╎│•⟢.*PERWIN*\n╎│•⟢.1 WIN : 5K\n╎│•⟢.3 WIN : 13K\n╎│•⟢.7 WIN : 30K\n╎│•⟢.10 WIN : 45K\n╎│•⟢.*SEWA DK*\n╎│•⟢.1x : 2K\n╎│•⟢.3x : 5K\n╎│•⟢.7x : 10K\n╎│•⟢.10x : 15K\n╎│•⟢.20x : 30K\n╎│•⟢.50x : 80k\n╎꒰⚘݄꒱₊___________________˓˓ ⍥⃝⃝ ˒˒\n❍┈┈┈┈┈┈┈┈┈┈┈┈┈┈┈┈┈┈┈┈┈◙","url":"-"}],"6289504583159-1609414691@g.us":[],"120363177423076973@g.us":[{"keyword":"payment ","text":"🎀 ~ 𝗉ɑуოᧉი𝗍 ᖯу asy ꜱ𝗍ᨣrᧉ ~🌷\n\n\n ʚ♡゙ 𝗗ɑიɑ\n • `081353019640`\n\n ʚ♡゙ 𝗚ᨣ𝗉ɑу\n • `081353019640`\n\n ʚ♡゙ ᨣⅴᨣ\n • `081280320066`\n\n ʚ♡゙ 𝗦𝗁ᨣ𝗉𝗉ᧉ𝗉ɑу\n • `081353019640`\n\n ʚ♡゙ 𝗦ᧉɑᖯɑი𝗄\n • `901807996868`\n \n[ 💌 ] იᨣ𝗍ᧉᑯ :\n\n💮 *DANA* ke *DANA* +100p\n💮 *BANK* ke *DANA* +500p\n💮 *BANK* ke *SHOPAY, OVO, GOPAY* +500p\n💮 *DANA/BANK ke OVO* +1500\n💮 *LUAR DANA ke QRIS* +1000~\n💮 *TRANSFER GAK SESUAI NOTE? TIDAK DI PROSES!!*","url":"-"},{"keyword":"weekly ","text":"˚˖𓍢ִ໋🌷͙֒ `WEEKLY DIMAOND PASS 🎀`\n\n✿ weekly fast : 27.500\n✿ weekly slow : 26.300\n✿ weekly tengah malam : 25.000\n\n˚˖𓍢ִ໋🌷͙֒ `Weekly brazil`🎀\n\n✿ weekly fast : 20.000\n✿ weekly slow : 19.000\n\n→ via id server\n→ proses 1x30 menit / max 24 jam\n→ clear misi top up 100dm💎\n→ bisa di tumpuk max 10x/id\n‹‹ total 220 DM ››\n‹‹ 210 starlight point ››\n‹‹ 70 COA ››","url":"-"},{"keyword":"starlight ","text":"˚˖𓍢ִ໋🌷͙֒ `STARLIGHT CARD APRIL` 🎀\n\n • *SL APRIL* •\n◌ sl basic april : 40k\n◌ sl basic april : 42k\n◌ sl prem april : 90k\n\n˚˖𓍢ִ໋🌷͙֒ `PRE ORDER STARLIGHT MEI🎀`\n\n • *SL MEI* •\n\n◌ sl basic mei : 36k ( 15 slot )\n◌ sl basic mei : 40k ( banyak )\n◌ sl prem mei : 88k ( tanya stok )\n\n\n✩.･*:｡≻───── ⋆♡⋆ ─────.•*:｡✩\n\nnote :\n→berteman 7-8h lebih\n→digift sesuai antrian \n→ gausah nanyain id nya kapan, nanti di follow admin tinggal follbck\n→ telatt fb, cn, atau apapun itu *HANGUS*\n→ po sl wajib tanya tanggal gift ke admin *asy🌷*","url":"-"},{"keyword":"gift mlbb ","text":"˚˖𓍢ִ໋🌷͙֒ `GIFT ITEM & SKIN MLBB`🎀\n\n *• Gift item🎀*\n\n◌ Change name 239💎 30.000\n◌ Change flag 300💎 37.000\n◌ Change name squad 299💎 37.000\n◌ Create squad 199💎 22.000\n\n *• Gift Charisma🎀*\n\n◌ All gift 20💎 13.000\n◌ Paradise / Angel ark 499💎 60.000\n\n *• Gift skin🎀*\n\n◌ Basic 269💎 35.000\n◌ Basic 299💎 39.000\n◌ Elite 399💎 50.000\n◌ Elite 599💎 75.000\n◌ Special 749💎 92.000\n◌ Epic 899💎 110.000\n◌ Lightborn 1089💎 133.000\n\n𝐍𝐨𝐭𝐞𝐝 :\n→no change name / unfollow akun gift = hangus\n→di gift sesuai antrian\n→order = sabar","url":"-"},{"keyword":"roomtour ","text":"˚˖𓍢ִ໋🌷͙֒ `Roomtour by asystore🎀`\n\n *🎀 Roomtour biasa*\n07.00 - 19.00 Wib\n\n• ~5vs5~\n◌ Per Match = Rp.25.000\n◌ Per Jam = Rp.45.000\n\n• ~solo~\n◌ 1 match = 5.000\n◌ 3 match = 13.000\n\n *🎀Promo selasa - Jumat*\n 07.00 - 17.000 Wib\n\n• ~5vs5~\n ◌ Per Match = 23.000\n ◌ Per Jam = 43.000\n\n• ~solo~\n◌ 1 match = 4.000\n◌ 3 match = 10.000\n\nnote : \n→ Bebas ngerusuh\n→Jadwal diatur sendiri\n→ Cek Link jadwal sebelum order ( tanya admin *asy🌷* )","url":"-"},{"keyword":"paket season ","text":"˚˖𓍢ִ໋🌷͙֒ `PAKET SEASON🎀`\n\n *PAKET CN MLBB*\n\n◌ 51 💎 CN 3H : 15.000\n◌ 110💎 Skin : 29.000\n◌ 151💎 CN + Skin : 39.500\n\nnote : \n→ via id server\n→ 3x isi bertahap","url":"-"},{"keyword":"nokos ","text":"˚˖𓍢ִ໋🌷͙֒ `𝐍okos whatsapp`.₊ 🎀 \n\n*PILIH NEGARA NOKOS YANG MAU DI BELI* :\n\n◌ Indonesia +62 🇮🇩 = 9.600K\n◌ Malaysia +60 🇲🇾 = 18.400k\n◌ Russia +33 🇷🇺 = 19.800k\n◌ USA +44 🇺🇸 = 10.650k\n◌ Argentina +54 🇦🇷 = 17.200k\n◌ Azerbaijan +994 🇦🇿 = 18.200k\n◌ Kamboja +855 🇰🇭 = 17.100k\n◌ Kamerun +237 🇨🇲 = 12.300k\n◌ Kanada +1 🇨🇦 = 14.200k\n◌ Cad +235 🇹🇩 = 18.300k\n◌ Kolambia +57 🇨🇳 = 21.700k\n\n ⊹ ࣪ ˖ [ format ]\n• Jumlah nokos :\n• Negara : \n• Tanggal order : \n• Payment : \n\nnote: \n→biasakan tanya stock terlebih dahulu, dan baca S&K admin.\n\n·﻿ ﻿ ﻿· ──────── ♡♡♡ ──────── ·﻿ ﻿·","url":"-"},{"keyword":"apk prem a ","text":"˚˖𓍢ִ໋🌷͙֒ `𝐀𝐏𝐋𝐈𝐊𝐀𝐒𝐈 𝐏𝐑𝐄𝐌𝐈𝐔𝐌 𝐀`🎀\n·﻿ ﻿ ﻿·  ────── ♡♡♡ ────── ·﻿ ﻿·﻿ ﻿\nʚ♡゙ `NETFLIX`🎀\n⟩⟩ *1 PROFIL 1 USER* ⟨⟨\n𖥔 1 hari : 3.500\n𖥔 3 hari : 7.000\n𖥔 7 hari : 11.000\n𖥔 1 bulan : 29.000\n\n⟩⟩ *1 PROFIL 2 USER* ⟨⟨\n𖥔 1 hari : 3.000\n𖥔 7 hari : 10.000\n𖥔 1 bulan : 20.000\n\n⟩⟩ *SEMI PRIVATE* ⟨⟨ \n𖥔 1 bulan : 36.000\n𖥔 3 bulan : 105.000\n\n⟩⟩ *PRIVATE* ⟨⟨\n𖥔 7 hari : 45.000\n𖥔 1 bulan : 145.000\n·﻿ ﻿ ﻿·  ────── ♡♡♡ ────── ·﻿ ﻿·﻿ ﻿\nʚ♡゙ `DISNEY`🎀\n⟩⟩ *PLAN PREMIUM* ⟨⟨\n𖥔 1 bulan 10 user : 18.000\n𖥔 1 bulan 9 user : 19.500\n𖥔 1 bulan 8 user : 23.000\n𖥔 1 bulan 7 user : 25.500\n𖥔 1 bulan 6 user : 29.000\n𖥔 1 bulan 5 user : 34.500\n𖥔 1 bulan 4 user : 42.000\n𖥔 1 bulan 3 user : 58.000 (anlim)\n\n⟩⟩ *PLAN BASIC* ⟨⟨ \n𖥔 1 bulan 3 user : 33.500\n𖥔 1 bulan 2 user : 46.500\n𖥔 1 bulan 1 user : 85.000\n\n⟩⟩ *PLAN PLATINUM HARIAN* ⟨⟨\n𖥔 1 hari 5 user : 7.000\n𖥔 3 hari 5 user : 10.000\n𖥔 7 hari 5 user : 18.000\n·﻿ ﻿ ﻿·  ────── ♡♡♡ ────── ·﻿ ﻿·﻿ ﻿\nʚ♡゙ `AMAZONE PRIME`🎀\n⟩⟩ *SHARING* ⟨⟨ \n𖥔 1 bulan : 8.000\n\n⟩⟩ *PRIVATE* ⟨⟨ \n𖥔 1 bulan : 20.000\n\n⟩⟩ *MOBILE* ⟨⟨ \n𖥔 1 bulan private : 18.000\n\n⟩⟩ *ALL DEVICE* ⟨⟨ \n𖥔 1 bulan 4 user : 9.000\n𖥔 1 bulan private : 25.000\n𖥔 private akun c : 18.000\n·﻿ ﻿ ﻿·  ────── ♡♡♡ ────── ·﻿ ﻿·﻿ ﻿\nʚ♡゙ `WETV`🎀\n⟩⟩ *SHARING LOGIN APK* ⟨⟨\n𖥔 1 bulan : 7.000\n𖥔 3 bulan : 12.000\n𖥔 1 tahun : 16.000\n\n⟩⟩ *SHARING LOGIN GOOGLE* ⟨⟨\n𖥔 1 bulan : 8.000\n𖥔 3 bulan : 13.000\n𖥔 1 tahun : 17.000\n\n⟩⟩ *PRIVATE* ⟨⟨\n𖥔 1 bulan : 37.000\n·﻿ ﻿ ﻿·  ────── ♡♡♡ ────── ·﻿ ﻿·﻿ ﻿\nʚ♡゙ `BSTATION`🎀\n⟩⟩ *SHARING* ⟨⟨\n𖥔 1 bulan : 8.000\n𖥔 3 bulan : 13.000\n𖥔 1 tahun : 16.000\n\n⟩⟩ *PRIVATE* ⟨⟨\n𖥔 1 bulan : 40.000\n𖥔 3 bulan : 100.000\n𖥔 1 tahun : 135.000\n·﻿ ﻿ ﻿·  ────── ♡♡♡ ────── ·﻿ ﻿·﻿ ﻿\nʚ♡゙ `IQIY`🎀\n⟩⟩ *SHARING* ⟨⟨ \n𖥔 1 bulan : 9.000\n𖥔 1 tahun : 17.000\n\n⟩⟩ *PRIVATE* ⟨⟨ \n𖥔 1 bulan : 32.000\n·﻿ ﻿ ﻿·  ────── ♡♡♡ ────── ·﻿ ﻿·﻿ ﻿\nʚ♡゙ `YOUTUBE`🎀\n⟩⟩ *FAMILY PLAN* ⟨⟨\n𖥔 1 bulan : 5.000\n𖥔 2 bulan : 6.000\n\n⟩⟩ *INDIVIDUAL PLAN* ⟨⟨\n𖥔 1 bulan : 8.000\n𖥔 4 bulan : 16.000\n·﻿ ﻿ ﻿·  ────── ♡♡♡ ────── ·﻿ ﻿·﻿ ﻿\nʚ♡゙ `VIDIO`🎀\n⟩⟩ *PRIVATE* ⟨⟨\n𖥔 1 bulan : 26.000\n𖥔 3 bulan : 55.000\n𖥔 1 tahun : 120.000\n\n⟩⟩ *PLATINUM SHARING* ⟨⟨ \n𖥔 1 bulan 2 user : 18.000 \n( anlim )\n\n⟩⟩ *PLATINUM PRIVATE* ⟨⟨\n𖥔 1 bulan : 35.000\n·﻿ ﻿ ﻿·  ────── ♡♡♡ ────── ·﻿ ﻿·﻿ ﻿\nʚ♡゙ `VIU`🎀\n⟩⟩ *PRIVATE BIASA* ⟨⟨\n𖥔 1 bulan : 6.000\n𖥔 3 bulan : 9.000\n𖥔 6 bulan : 14.000\n𖥔 1 tahun : 17.000\n\n⟩⟩ *PRIVATE ANLIM* ⟨⟨ \n𖥔 1 bulan : 8.000\n𖥔 3 bulan : 14.000\n𖥔 6 bulan : 17.000\n𖥔 1 tahun : 25.000\n·﻿ ﻿ ﻿·  ────── ♡♡♡ ────── ·﻿ ﻿·﻿ ﻿\nʚ♡゙ `IFLIX`🎀\n⟩⟩ *SHARING* ⟨⟨ \n𖥔 1 bulan : 7.000\n𖥔 3 bulan : 10.000\n𖥔 6 bulan : 13.000\n𖥔 1 tahun : 16.000\n\n⟩⟩ *PRIVATE* ⟨⟨\n𖥔 1 bulan : 30.000\n𖥔 3 bulan : 70.000\n𖥔 1 tahun : 225.000\n·﻿ ﻿ ﻿·  ────── ♡♡♡ ────── ·﻿ ﻿·﻿ ﻿\nʚ♡゙ `HBO GO`🎀\n⟩⟩ *SHARING* ⟨⟨ \n𖥔 1 bulan : 16.000\n𖥔 2 bulan : 27.000\n𖥔 3 bulan : 38.000\n\n⟩⟩ *PRIVATE* ⟨⟨\n𖥔 1 bulan : 60.000\n𖥔 2 bulan : 100.000\n𖥔 3 bulan : 135.000\n·﻿ ﻿ ﻿·  ────── ♡♡♡ ────── ·﻿ ﻿·﻿ ﻿\nʚ♡゙ `LOKLOK`🎀\n⟩⟩ *SHARING* ⟨⟨\n𖥔 1 bulan : 9.000\n𖥔 3 bulan : 16.000\n·﻿ ﻿ ﻿·  ────── ♡♡♡ ────── ·﻿ ﻿·﻿ ﻿\nʚ♡゙ `DRAKOR ID`🎀\n⟩⟩ *PRIVATE* ⟨⟨\n𖥔 1 bulan : 8.000\n𖥔 3 bulan : 15.000\n𖥔 1 tahun : 17.000\n·﻿ ﻿ ﻿·  ────── ♡♡♡ ────── ·﻿ ﻿·﻿ ﻿\nʚ♡゙ `YOUKU`🎀\n⟩⟩ *SHARING* ⟨⟨\n𖥔 1 bulan : 8.000\n𖥔 3 bulan : 15.000\n𖥔 1 tahun : 17.000\n\n⟩⟩ *PRIVATE* ⟨⟨\n𖥔 1 bulan : 35.000\n𖥔 3 bulan : 75.000\n𖥔 1 tahun : 228.000\n·﻿ ﻿ ﻿·  ────── ♡♡♡ ────── ·﻿ ﻿·﻿ ﻿\nʚ♡゙ `MOLA TV`🎀\n⟩⟩ *SHARING* ⟨⟨\n𖥔 1 bulan 2u : 45.000\n\n⟩⟩ *PRIVATE* ⟨⟨\n𖥔 1 bulan : 75.000\n·﻿ ﻿ ﻿·  ────── ♡♡♡ ────── ·﻿ ﻿·﻿ ﻿\nʚ♡゙ `APPLE TV`🎀\n⟩⟩ *SHARING* ⟨⟨\n𖥔 1 bulan : 15.000\n\n⟩⟩ *PRIVATE* ⟨⟨\n𖥔 1 bulan : 30.000\n\n⟩⟩ *GIFT CARD* ⟨⟨\n𖥔 3 bulan : 38.000\n·﻿ ﻿ ﻿·  ────── ♡♡♡ ────── ·﻿ ﻿·﻿ ﻿\nʚ♡゙ `GENFLIX`🎀\n⟩⟩ *SHARING* ⟨⟨\n𖥔 1 bulan : 9.000\n\n⟩⟩ *PRIVATE* ⟨⟨ \n𖥔 1 bulan : 20.000\n·﻿ ﻿ ﻿·  ────── ♡♡♡ ────── ·﻿ ﻿·﻿ ﻿\nʚ♡゙ `VISION+`🎀\n⟩⟩ *SHARING* ⟨⟨\n𖥔 1 bulan 2u : 27.500\n𖥔 1 bulan 3u : 23.500\n\n⟩⟩ *PRIVATE* ⟨⟨\n𖥔 7 hari : 23.000 \n𖥔 1 bulan : 43.000\n·﻿ ﻿ ﻿·  ────── ♡♡♡ ────── ·﻿ ﻿·﻿ ﻿\nʚ♡゙ `VIKI`🎀\n⟩⟩ *SHARING* ⟨⟨\n𖥔 1 bulan : 19.000\n\n⟩⟩ *PRIVATE* ⟨⟨\n𖥔 1 bulan : 90.000\n·﻿ ﻿ ﻿·  ────── ♡♡♡ ────── ·﻿ ﻿ ﻿·  \nʚ♡゙ `BUBLE LYSN`🎀\n⟩⟩ *JYP , SM , IST , JELLYFISH* ⟨⟨\n𖥔 1 tiket : 67.000\n𖥔 2 tiket : 118.000\n𖥔 3 tiket : 165.000\n·﻿ ﻿ ﻿·  ────── ♡♡♡ ────── ·﻿ ﻿·","url":"-"},{"keyword":"apk prem b ","text":"˚˖𓍢ִ໋🌷͙֒ `𝐀𝐏𝐋𝐈𝐊𝐀𝐒𝐈 𝐏𝐑𝐄𝐌𝐈𝐔𝐌 𝐁`🎀\n·﻿ ﻿ ﻿·  ────── ♡♡♡ ────── ·﻿ ﻿·﻿ ﻿\nʚ♡゙ `SPOTIFY`🎀\n⟩⟩ *FAMILY PLAN* ⟨⟨\n𖥔 1 bulan : 9.000\n𖥔 2 bulan : 15.000\n𖥔 3 bulan : 23.000\n𖥔 4 bulan : 28.000\n𖥔 5 bulan : 38.000\n𖥔 6 bulan : 45.000 \n𖥔 1 tahun : 73.000\n\n⟩⟩ *INDIVIDU PLAN* ⟨⟨\n𖥔 1 bulan : 20.000\n𖥔 2 bulan : 25.000\n𖥔 3 bulan : 35.000\n\n- acc seller +1.000\n·﻿ ﻿ ﻿·  ────── ♡♡♡ ────── ·﻿ ﻿·﻿ ﻿\nʚ♡゙ `CANVA`🎀\n⟩⟩ *MEMBER* ⟨⟨ \n𖥔 1 bulan : 4.000\n𖥔 2 bulan : 6.000\n𖥔 3 bulan : 8.000\n𖥔 6 bulan : 13.000\n𖥔 1 tahun : 16.000\n𖥔 lifetime : 20.000\n\n- designer +1.000\n·﻿ ﻿ ﻿·  ────── ♡♡♡ ────── ·﻿ ﻿·﻿ ﻿\nʚ♡゙ `ALIGHR MOTION`🎀\n⟩⟩ *PRIVATE* ⟨⟨ \n𖥔 1 tahun : 7.000\n\n⟩⟩ *SHARING* ⟨⟨ \n𖥔 1 tahun : 5.000\n\n• wajib email baru bikin \n• jangan email lama\n·﻿ ﻿ ﻿·  ────── ♡♡♡ ────── ·﻿ ﻿·﻿ ﻿\nʚ♡゙ `REMINI`🎀\n⟩⟩ *SHARING LITE WEB* ⟨⟨\n𖥔 1 bulan : 8.000\n- Andro & Ios\n\n⟩⟩ *PRIVATE* ⟨⟨ \n𖥔 1 bulan : 35.000\n\n⟩⟩ *SHARING ANDRO* ⟨⟨\n𖥔 1 bulan : 9.000\n\n⟩⟩ *SHARING IOS* ⟨⟨\n𖥔 1 tahun : 17.000\n\n⟩⟩ *SHARING PRO APK* ⟨⟨\n𖥔 1 tahun : 35.000\n- ios & andro\n·﻿ ﻿ ﻿·  ────── ♡♡♡ ────── ·﻿ ﻿·﻿ ﻿\nʚ♡゙ `PISCART GOLD`🎀\n⟩⟩ *SHARING* ⟨⟨ \n𖥔 1 bulan : 8.000\n𖥔 3 bulan : 10.000\n\n⟩⟩ *PRIVATE* ⟨⟨ \n𖥔 1 bulan : 10.000\n𖥔 3 bulan : 16.000\n·﻿ ﻿ ﻿·  ────── ♡♡♡ ────── ·﻿ ﻿·﻿ ﻿\nʚ♡゙ `GETCONTACT`🎀\n⟩⟩ *PRIVATE* ⟨⟨\n𖥔 1 bulan : 13.000\n\n- via otp whatsapp\n- wajib stay kode\n·﻿ ﻿ ﻿·  ────── ♡♡♡ ────── ·﻿ ﻿·﻿ \nʚ♡゙ `VSCO`🎀\n⟩⟩ *SHARING* ⟨⟨\n𖥔 1 bulan : 8.000\n𖥔 1 tahun : 18.000\n\n⟩⟩ *IOS* ⟨⟨ \n𖥔 1 tahun : 35.000\n\n⟩⟩ *ANDRO* ⟨⟨\n𖥔 1 bulan : 7.000\n𖥔 6 bulan : 15.000\n𖥔 1 tahun : 20.000\n·﻿ ﻿ ﻿·  ────── ♡♡♡ ────── ·﻿ ﻿·﻿ ﻿\nʚ♡゙ `CAPCUT`🎀\n⟩⟩ *IOS & ANDRO* ⟨⟨ \n𖥔 1 tahun : 35.000\n\n- sharing max login 1 device\n- akun dari seller\n·﻿ ﻿ ﻿·  ────── ♡♡♡ ────── ·﻿ ﻿·﻿ ﻿\nʚ♡゙ `SCRIBD`🎀\n⟩⟩ *SHARING* ⟨⟨\n𖥔 1 bulan : 8.000\n𖥔 2 bulan : 13.000\n\n⟩⟩ *PRIVATE* ⟨⟨ \n𖥔 1 bulan : 15.000\n𖥔 2 bulan : 22.000\n·﻿ ﻿ ﻿·  ────── ♡♡♡ ────── ·﻿ ﻿·﻿ ﻿\nʚ♡゙ `TIKTOK MUSIC`🎀\n⟩⟩ *FLAMPAN* ⟨⟨\n𖥔 1 bulan : 8.000\n·﻿ ﻿ ﻿·  ────── ♡♡♡ ────── ·﻿ ﻿·﻿ ﻿\nʚ♡゙ `RESSO`🎀\n⟩⟩ *FLAMPAN* ⟨⟨\n𖥔 1 bulan : 8.000\n𖥔 2 bulan : 16.000\n𖥔 3 bulan : 23.000\n·﻿ ﻿ ﻿·  ────── ♡♡♡ ────── ·﻿ ﻿·﻿ ﻿\nʚ♡゙ `APPLE MUSIC`🎀\n⟩⟩ *IMESS* ⟨⟨\n𖥔 1 bulan : 13.000\n𖥔 2 bulan : 20.000\n𖥔 3 bulan : 29.000\n\n⟩⟩ *GIFT CARD* ⟨⟨\n𖥔 1 bulan : 15.000\n𖥔 2 bulan : 17.000\n·﻿ ﻿ ﻿·  ────── ♡♡♡ ────── ·﻿ ﻿·﻿ ﻿\nʚ♡゙ `MEITU`🎀\n⟩⟩ *SHARING* ⟨⟨\n𖥔 1 tahun : 35.000\n·﻿ ﻿ ﻿·  ────── ♡♡♡ ────── ·﻿ ﻿·﻿ ﻿\nʚ♡゙ `MOJO`🎀\n⟩⟩ *SHARING* ⟨⟨\n𖥔 1 tahun : 20.000\n\n- Ios & andro\n·﻿ ﻿ ﻿·  ────── ♡♡♡ ────── ·﻿ ﻿·﻿ ﻿\nʚ♡゙ `TEZZA`🎀\n⟩⟩ *SHARING* ⟨⟨\n𖥔 1 tahun : 17.000\n·﻿ ﻿ ﻿·  ────── ♡♡♡ ────── ·﻿ ﻿·﻿ ﻿\nʚ♡゙ `BEUTY PLUS`🎀\n⟩⟩ *ONLY IOS* ⟨⟨\n𖥔 1 tahun : 22.000\n\n- sistem pinjem apple id\n- wajib standby ada kode otp\n·﻿ ﻿ ﻿·  ────── ♡♡♡ ────── ·﻿ ﻿·﻿ ﻿\nʚ♡゙ `NOMO CAM`🎀\n⟩⟩ *ONLY IOS* ⟨⟨\n𖥔 1 tahun : 20.000\n·﻿ ﻿ ﻿·  ────── ♡♡♡ ────── ·﻿ ﻿·﻿ ﻿\nʚ♡゙ `DAZZ CAM`🎀\n❥⟩⟩ *ONLY IOS* ⟨⟨\n𖥔 lifetime : 26.000\n\n- sharing max login 1 device\n- garansi 6 bulan\n- sistem pinjam apple id\n·﻿ ﻿ ﻿·  ────── ♡♡♡ ────── ·﻿ ﻿·﻿ ﻿\nʚ♡゙ `POLAR`🎀\n⟩⟩ *SHARING* ⟨⟨\n𖥔 1 tahun : 20.000\n\n- ios & andro\n- garansi 6 bulan\n·﻿ ﻿ ﻿·  ────── ♡♡♡ ────── ·﻿ ﻿·﻿ ﻿\nʚ♡゙ `ICLOUD`🎀\n⟩⟩ *GIFT CARL* ⟨⟨\n𖥔 4 bulan / 50gb : 25.000\n·﻿ ﻿ ﻿·  ────── ♡♡♡ ────── ·﻿ ﻿·﻿ ﻿\nʚ♡゙ `INSHOT`🎀\n⟩⟩ *SHARING ANDRO* ⟨⟨ \n𖥔 lifetime : 19.000\n\n⟩⟩ *SHARING IOS* ⟨⟨\n𖥔 lifetime : 19.000\n\n- garansi 6 bulan \n- acc seller \n- andro = login via gmail\n- ios = sistem pinjam apple id\n·﻿ ﻿ ﻿·  ────── ♡♡♡ ────── ·﻿ ﻿·\nʚ♡゙ `WATTPAD`🎀\n⟩⟩ *SHARING* ⟨⟨\n𖥔 1 bulan : 7.500\n𖥔 6 bulan : 14.000\n𖥔 1 tahun : 20.000\n\n- full garansi\n- acc dari aku\n·﻿ ﻿ ﻿·  ────── ♡♡♡ ────── ·﻿ ﻿·\nʚ♡゙ `OLDROLL`🎀\n⟩⟩ *ANDRO & IOS* ⟨⟨\n𖥔 lifetime : 20.000\n\n- acc seller \n- garansi 6 bulan\n·﻿ ﻿ ﻿·  ────── ♡♡♡ ────── ·﻿ ﻿·\nʚ♡゙ `LIGHTROOM`🎀\n⟩⟩ *SHARING* ⟨⟨\n𖥔 1 tahun : 18.000\n\n- garansi 6 bulan\n- login via akun adobe\n- acc dari seller\n\n⟩⟩ *PRESET LIGHTROOM* ⟨⟨\n𖥔 500 preset = 20.000\n𖥔 1000 preset = 13.000\n𖥔 2000 preset = 18.000\n\n- preset only, tidak include acc\n- acc lightroom tidak perlu pro\n- need email buyer\n·﻿ ﻿ ﻿·  ────── ♡♡♡ ────── ·﻿ ﻿·\nʚ♡゙ `ALL VPN`🎀\n⟩⟩ *EXPRESS VPN* ⟨⟨ \n𖥔 1 bulan : 30.000\n- sharing only 1 device\n\n⟩⟩ *VPN WINDSCRIBE* ⟨⟨\n𖥔 1 bulan : 30.000\n- pro unlimited\n\n⟩⟩ *VYPR VPN* ⟨⟨\n𖥔 1 tahun : 35.000\n- garansi 6 bulan \n- unlimited akses\n·﻿ ﻿ ﻿·  ────── ♡♡♡ ────── ·﻿ ﻿·\nʚ♡゙ `GRAMMARLY`🎀\n⟩⟩ *SHARING* ⟨⟨\n𖥔 1 bulan : 7.000\n𖥔 2 bulan : 10.000\n𖥔 3 bulan : 15.000\n𖥔 6 bulan : 30.000\n𖥔 1 tahun : 35.000\n\n⟩⟩ *PRIVATE* ⟨⟨ \n𖥔 1 bulan : 10.000\n𖥔 2 bulan : 18.000\n𖥔 3 bulan : 25.000\n·﻿ ﻿ ﻿·  ────── ♡♡♡ ────── ·﻿ ﻿·\nʚ♡゙ `PROCREATE POCKET`🎀\n⟩⟩ *SHARING* ⟨⟨\n𖥔 lifetime : 25.000\n\n- garansi 6 bulan\n- acc seller\n·﻿ ﻿ ﻿·  ────── ♡♡♡ ────── ·﻿ ﻿·\nʚ♡゙ `MICROSOFT 365`🎀\n⟩⟩ *FAMPLAN* ⟨⟨ \n𖥔 1 bulan : 9.000\n𖥔 2 bulan : 15.000\n- via invte email\n\n⟩⟩ *INPLAN* ⟨⟨\n𖥔 1 bulan : 17.000\n- acc buyer wajib email fresh\n\n⟩⟩ *FAMHEAD* ⟨⟨ \n𖥔 1 bulan : 20.000\n- acc seller\n·﻿ ﻿ ﻿·  ────── ♡♡♡ ────── ·﻿ ﻿·\nʚ♡゙ `WPS`🎀\n⟩⟩ *SHARING* ⟨⟨\n𖥔 1 bulan : 9.000\n\n⟩⟩ *PRIVATE* ⟨⟨ \n𖥔 7 hari : 9.000\n𖥔 28 hari : 15.000\n𖥔 1 bulan : 22.000\n𖥔 3 bulan : 36.000\n·﻿ ﻿ ﻿·  ────── ♡♡♡ ────── ·﻿ ﻿·\nʚ♡゙ `VN PRO`🎀\n⟩⟩ *IOS* ⟨⟨\n𖥔 1 tahun : 25.000\n\n⟩⟩ *ANDRO* ⟨⟨ \n𖥔 1 tahun : 20.000\n·﻿ ﻿ ﻿·  ────── ♡♡♡ ────── ·﻿ ﻿·\nʚ♡゙ `IBLIS PAINT`🎀\n⟩⟩ *IOS* ⟨⟨\n𖥔 1 tahun : 30.000\n\n⟩⟩ *ANDRO* ⟨⟨ \n𖥔 1 tahun : 25.000\n·﻿ ﻿ ﻿·  ────── ♡♡♡ ────── ·﻿ ﻿·\nʚ♡゙ `GOODNOTES`🎀\n⟩⟩ *SHARING* ⟨⟨\n𖥔 5 : 33.000\n𖥔 6 : 35.000\n- lifetime garansi 6 bulan\n·﻿ ﻿ ﻿·  ────── ♡♡♡ ────── ·﻿ ﻿·\nʚ♡゙ `UNLOCK DOC`🎀\n⟩⟩ *DOC LINK UNBLOCKS* ⟨⟨\n𖥔 coursehero : 7.000\n𖥔 bartleby learn : 6.000\n𖥔 chegg - 6.000\n𖥔 quizlet - 6.000\n𖥔 scribd - 5.000\n𖥔 studocu - 6.000\n𖥔 zookal - 6.000\n𖥔 slideshare - 6.000\n𖥔 academia - 6.000\n𖥔 numerade - 6.000\n\n- no rush max 1 jam \n- harga perlink berlaku kelipatan\n- unlock yang lain tanyakan saja\n·﻿ ﻿ ﻿·  ────── ♡♡♡ ────── ·﻿ ﻿·\nʚ♡゙ `PREQUEL`🎀\n⟩⟩ *IOS* ⟨⟨ \n𖥔 1 tahun : 25.000\n·﻿ ﻿ ﻿·  ────── ♡♡♡ ────── ·﻿ ﻿·","url":"-"},{"keyword":"mlbb all ","text":"💌 `𝗆𝗈𝖻𝗂𝗅𝖾 𝗅𝖾𝗀𝖾𝗇𝖽 all`🌷\n\n ⊹ ࣪ ˖ 28 💎 : 9.000\n ⊹ ࣪ ˖ 44 💎 : 13.000\n ⊹ ࣪ ˖ 85 💎 : 22.000\n ⊹ ࣪ ˖ 170 💎 : 44.000\n ⊹ ࣪ ˖ 240 💎 : 62.000\n ⊹ ࣪ ˖ 296 💎 : 78.000\n ⊹ ࣪ ˖ 340 💎 : 90.000\n ⊹ ࣪ ˖ 408 💎 : 108.000\n ⊹ ࣪ ˖ 568 💎 : 145.000\n ⊹ ࣪ ˖ 875 💎 : 218.000\n ⊹ ࣪ ˖ 1115 💎 : 280.000\n ⊹ ࣪ ˖ 1283 💎 : 320.000\n ⊹ ࣪ ˖ 1443 💎 : 355.000\n ⊹ ࣪ ˖ 1528 💎 : 380.000\n ⊹ ࣪ ˖ 1750 💎 : 430.000\n ⊹ ࣪ ˖ 2010 💎 : 470.000\n ⊹ ࣪ ˖ 2418 💎 : 575.000\n ⊹ ࣪ ˖ 2575 💎 : 630.000\n ⊹ ࣪ ˖ 2885 💎 : 690.000\n ⊹ ࣪ ˖ 3181 💎 : 760.000\n ⊹ ࣪ ˖ 3760 💎 : 900.000\n ⊹ ࣪ ˖ 4010 💎 : 1.000.000\n ⊹ ࣪ ˖ 4895 💎 : 1.250.000\n ⊹ ࣪ ˖ 5135 💎 : 1.300.000\n ⊹ ࣪ ˖ 6030 💎 : 1.450.000\n\n note :\n→ proses maks 5 - 15 menit\n→ via id & server\n→ 100% aman","url":"-"},{"keyword":"mlbb a ","text":"`MOBILE LEGENDS A`🌷\n\n ⊹ ࣪ ˖𝟦𝟦     💎 𝖱𝗉 𝟣𝟦.𝟢𝟢𝟢\n ⊹ ࣪ ˖𝟩𝟢    💎 𝖱𝗉 𝟤𝟢.𝟧𝟢𝟢\n ⊹ ࣪ ˖140  💎 𝖱𝗉 𝟦𝟢.𝟢𝟢𝟢\n ⊹ ࣪ ˖𝟤𝟪𝟦   💎 𝖱𝗉 𝟩𝟧.𝟢𝟢𝟢\n ⊹ ࣪ ˖𝟥𝟧𝟧   💎 𝖱𝗉 𝟫𝟤.𝟢𝟢𝟢\n ⊹ ࣪ ˖𝟦𝟢𝟢  💎 𝖱𝗉 𝟣𝟢𝟦.𝟢𝟢𝟢 \n ⊹ ࣪ ˖𝟦𝟪𝟧  💎 𝖱𝗉 𝟣𝟤𝟨.𝟢𝟢𝟢\n ⊹ ࣪ ˖𝟧𝟩𝟢  💎 𝖱𝗉 𝟣𝟦𝟪.𝟢𝟢𝟢\n ⊹ ࣪ ˖𝟩𝟣𝟧  💎 𝖱𝗉 𝟣𝟩𝟩.𝟢𝟢𝟢\n ⊹ ࣪ ˖𝟣𝟢𝟢𝟢 💎 𝖱𝗉 𝟤𝟧𝟢.𝟢𝟢𝟢\n ⊹ ࣪ ˖𝟣𝟦𝟦𝟨 💎 𝖱𝗉 𝟥𝟣𝟧.𝟢𝟢𝟢\n ⊹ ࣪ ˖𝟤𝟫𝟩𝟨 💎 𝖱𝗉 𝟨𝟫𝟧.𝟢𝟢𝟢\n\nnote  ⨾\n→proses maks 5 - 15 menit\n→via id & server\n→𝖽𝖾𝗇𝗈𝗆 𝗅𝖺𝗂𝗇 𝗍𝖺𝗇𝗒𝖺𝗄𝖺𝗇 𝖺𝖽𝗆𝗂𝗇\n→100% aman","url":"-"},{"keyword":"mlbb b ","text":"`MOBILE LEGENDS B`🌷\n\n ⊹ ࣪ ˖ 1050 💎 : 263.000 \n ⊹ ࣪ ˖ 1159 💎 : 294.500 \n ⊹ ࣪ ˖ 1220 💎 : 305.500 \n ⊹ ࣪ ˖ 1412 💎 : 349.500 \n ⊹ ࣪ ˖ 1669 💎 : 416.000 \n ⊹ ࣪ ˖ 1756 💎 : 441.000 \n ⊹ ࣪ ˖ 2010 💎 : 466.000 \n⊹ ࣪ ˖ 2195 💎 : 519.500 \n⊹ ࣪ ˖ 2901 💎 : 691.500 \n⊹ ࣪ ˖ 2976 💎 : 712.500 \n⊹ ࣪ ˖ 3073 💎 : 737.000 \n⊹ ࣪ ˖ 3436 💎 : 851.000 \n⊹ ࣪ ˖ 3688 💎 : 882.000 \n⊹ ࣪ ˖ 4020 💎 : 931.500 \n⊹ ࣪ ˖ 4394 💎 : 1.046.000 \n⊹ ࣪ ˖ 4830 💎 : 1.110.000 \n⊹ ࣪ ˖ 5532 💎 : 1.308.000 \n⊹ ࣪ ˖ 6050 💎 : 1.413.000 \n⊹ ࣪ ˖ 7727 💎 : 1.814.000\n⊹ ࣪ ˖ 9288 💎 : 2.206.000 \n⊹ ࣪ ˖ 14820 💎 : 3.608.000 \n\nnote\n→proses maks 5 - 15 menit \n→ via id & server \n→ 100% aman","url":"-"},{"keyword":"mlbb c ","text":"`MLBB NOMINAl Kecil🌷`\n\n\n ⊹ ࣪ ˖ 5 💎 Rp 1.800\n ⊹ ࣪ ˖ 10 💎 Rp 3.900\n ⊹ ࣪ ˖ 12 💎 Rp 4.500\n ⊹ ࣪ ˖ 14 💎 Rp 4.800\n ⊹ ࣪ ˖ 18 💎 Rp 5.900\n ⊹ ࣪ ˖ 19 💎 Rp 6.300\n ⊹ ࣪ ˖ 28 💎 Rp 8.600\n ⊹ ࣪ ˖ 36 💎 Rp 10.500\n ⊹ ࣪ ˖ 44 💎 Rp 12.400\n ⊹ ࣪ ˖ 54 💎 Rp 15.200\n ⊹ ࣪ ˖ 59 💎 Rp 16.200\n ⊹ ࣪ ˖ 75 💎 Rp 19.800\n ⊹ ࣪ ˖ 85 💎 Rp 22.400\n ⊹ ࣪ ˖ 88 💎 Rp 23.200\n ⊹ ࣪ ˖ 110💎 Rp 29.600\n ⊹ ࣪ ˖ 128💎 Rp 34.200\n ⊹ ࣪ ˖ 148💎 Rp 39.300\n\n note : \n→ proses 1 - 5 menit\n→ via id & server \n→ legal & 100% aman","url":"-"},{"keyword":"dm brazil ","text":"˚˖𓍢ִ໋🌷͙֒ `Diamond MLBB via id server BRAZIL`(🇧🇷). 🎀\n\n86💎 : Rp 18.000\n172💎 : Rp 35.000\n257💎 : Rp 49.600\n344💎 : Rp 68.000\n429💎 : Rp 83.500\n514💎 : Rp 105.000\n600💎 : Rp 118.400\n706💎 : Rp 132.000\n1050💎 : Rp 206.000\n1220💎 : Rp 235.000\n1412💎 : Rp 273.000\n2195💎 : Rp 345.000\nweekly dm pass 💎 : Rp 22.000\n\nnote : \n→ via id server \n→ proses 1 - 5 menit‍‍‍‍‍‍‍‍‍‍‍","url":"-"},{"keyword":"pubg ","text":"˚˖𓍢ִ໋🌷͙֒ `PUBG REGION INDO`🎀\n\n60 💴 = Rp 12.800\n120 💴 = Rp 26.600\n180 💴 = Rp 39.400\n240 💴 = Rp 52.200\n325 💴 = Rp 64.000\n385 💴 = Rp 76.800\n445 💴 = Rp 88.600\n505 💴 = Rp 98.500\n565 💴 = Rp 112.200\n660 💴 = Rp 125.000\n720 💴 = Rp 147.000\n780 💴 = Rp 150.600\n840 💴 = Rp 160.400\n900 💴 = Rp 175.200\n985 💴 = Rp 187.000\n1.320 💴 = Rp 251.000\n1.800 💴 = Rp 315.000\n1.860 💴 = Rp 325.800\n2.125 💴 = Rp 374.000\n2.460 💴 = Rp 433.000\n2.785 💴 = Rp 492.000\n3.120 💴 = Rp 551.000\n3.850 💴 = Rp 610.000\n4.030 💴 = Rp 645.400\n4.175 💴 = Rp 679.000\n\nnote ⨾\n→ via uid server\n→ proses 1 - 60 menit, max 1x24 jam (jika ada kendala) \n→ tanyakan stock sebelum order","url":"-"},{"keyword":"free fire ","text":"˚˖𓍢ִ໋🌷͙֒ `DIAMOND FREE FIRE`🎀\n\n5 💎 : Rp 1.000\n20 💎 : Rp 3.700\n50 💎 : Rp 8.500\n70 💎 : Rp 10.900\n100 💎 : Rp 16.000\n140 💎 : Rp 19.800\n210 💎 : Rp 29.700\n355 💎 : Rp 48.500\n500 💎 : Rp 68.100\n720 💎 : Rp 91.500\n1000 💎 : Rp 132.400\n2180 💎 : Rp 276.700\n2720 💎 : Rp 343.901\n3640 💎 : Rp 452.501\n7290 💎 : Rp 905.001\n\nM.Mingguan : Rp 29.800 \nM.Bulanan : Rp 87.500\n\nnote ⨾\n→ via id server\n→ proses 1 - 15 menit, max 1x24 jam (jika ada kendala) \n→ tanyakan stock sebelum order","url":"-"},{"keyword":"vilog play ","text":"˚˖𓍢ִ໋🌷͙֒ `Vilog play mlbb🎀`\n\n» 275 💎 › Rp. 68.000\n» 565 💎 › Rp. 128.000\n» 1155 💎 › Rp. 250.000\n» 1765 💎 › Rp. 360.000\n» 2310 💎 › Rp. 460.000\n» 2975 💎 › Rp. 570.000\n» 6000 💎 › Rp. 1.160.000\n\n*Wdp : 24.000 ( minimal 3 )*\n\nNote :\n→Dilarang Login Ketika Proses\n→Matikan V2L Agar Mempercepat Proses\n→Saat proses nabrak = hangus\n→Proses 5 - 10 menit\n→ Aman 100%","url":"-"},{"keyword":"promo am ","text":"´.      ˚˖𓍢ִ໋🌷͙֒ `PROMO AM` ! 🎀୧ \n\n◌ promo 𝗌𝗁𝖺𝗋𝗂𝗇𝗀 1 𝗍𝖺𝗁𝗎𝗇 : 𝖱𝗉 2,000\n◌ 𝗉𝗋𝗈𝗆𝗈 𝗉𝗋𝗂𝗏 1 𝗍𝖺𝗁𝗎𝗇 : 𝖱𝗉 4,000\n    *( 𝖺𝗄𝗎𝗇 𝖽𝖺𝗋𝗂 𝖺𝗄𝗎 +3,000 )*\n\nn𝗈𝗍𝖾; \n→𝗉𝗋𝗂𝗏𝖺𝗍𝖾 𝗉𝗋𝗈𝗌𝖾𝗌 𝗆𝖺𝗄𝗌 24 𝗃𝖺𝗆\n→𝗌𝗁𝖺𝗋𝗂𝗇𝗀 𝗅𝖺𝗇𝗀𝗌𝗎𝗇𝗀 𝗅𝗈𝗀𝗂𝗇\n→𝗉𝗋𝗂𝗏𝖺𝗍𝖾 𝗐𝖺𝗃𝗂𝖻 𝖾𝗆𝖺𝗂𝗅 𝖻𝖺𝗋𝗎 𝖽𝗂𝖻𝗎𝖺𝗍‍‍‍‍‍‍‍‍‍‍‍‍‍‍‍‍‍‍‍‍‍‍‍‍‍‍‍‍‍‍‍‍‍‍‍‍‍‍‍‍‍‍‍‍‍‍‍‍‍","url":"-"},{"keyword":"promo ","text":"*promo wdp via id*\n\n> wdp 1× : 25.500\n> wdp 3× : 76.000\n\n*promo dm*\n\n> 44 dm : 10.100\n> 59 dm : 13.200\n\nnote :\n`proses jam 10 pagi `sesuai antrian max 1×24 jam\n`ga sabaran skip\nkoid : reff","url":"-"},{"keyword":"tips hemat event exorcist ","text":"TIPS HEMAT EXORCIST \n\nAnggap aja butuh 120× draw\n\n• Total token 2 phase = 58 token\n• Total draw harian 30 hari = 750 dm\n• Draw phase 1, 11× = 450+50 = 500 dm \n• Draw phase 2, 11× = 450+50 = 500 dm \n• Draw 10× langsung kapan aja = 450 dm\n\nTotal penggunaan diamond = 2200 \n\nTips menabung \n- 4 Minggu sebelum event beli 4 weekly = 880 diamond \n- Awal event beli 4 weekly = 28 hari ( 880 diamond ) \n- Karna di perkirakan misi top up hanya sampai 250 \nJadi untuk p1 & p2 cukup top up 6 weekly = 80×6 = 480 diamond\n\nTotal diamond = 2.140 ( 60 dm bisa beli saja ) \n\nModal \n• 4 weekly + 4 weekly + 6 weekly = 14 weekly \n14×27 = rp 378.000\n\n378 udah dapet exo, btw klo beli vilog jadi lebih murah and ini masih ada untung dm sekitar 42×20 = 840 diamond yah💐💐","url":"-"}]}