{"120363212819490620@g.us":[{"text":"Selamat Bergabung @NAME\n\n*_Open sewa bot_* \n\n _1K : 2 Hari_\n_10K : 20 Hari_\n_15 K : 30 Hari_\n\n _*Open jadibot*_\n\n10K : 10 Hari\n20 K : 20 Hari\n30 K : 30 Hari\n\n *Open sewa panel* \n\n _30K : 30 Hari_ \n\nMinat hubungi\nhttps://t.me/autoresbot_com","status":"on"}],"120363168142586439@g.us":[{"text":"*Selamat Bergabung,Silahkan intro terlebih dahulu*","status":"on"}],"120363276983171831@g.us":[{"text":"@NAME Selamat Datang Di @GROUP \nDeskripsi @DESC","status":"on"}],"120363278604619207@g.us":[{"text":"Selamat datang @NAME\n\nselamat bergabung di @GROUP\n\nbaca deskripsi\n@DESC","status":"on"}],"120363278676265755@g.us":[{"text":"selamat datang @NAME","status":"on"}],"120363258982088898@g.us":[{"text":"Selamat datang @NAME di ୨⎯ 𝐎𝐭𝐚𝐤𝐮.𝐢𝐝𝐧⎯୧🎌","status":"on"}],"6289504583159-1609414691@g.us":[{"text":"Selamat datang @NAME di @GROUP","status":"on"}],"120363028278420334@g.us":[{"text":"Halo @NAME Selamat Bergabung di Group @GROUP","status":"on"}],"120363177423076973@g.us":[{"text":"• hii ka @NAME welcome to @GROUP \n\n◌ ketik .list untuk menampilkan menu \n◌ jangan lupa baca @DESC \n\n *🎀menyediakan*\n\n• top up all game \n• kebutuhan sosmed\n• apk premium \n• jasa joki \n\n *🎀Payment*\n\n• dana\n• gopay\n• ovo \n• shoppepay\n• seabank\n\n*~happy shopping all (⁠≧⁠▽⁠≦⁠)~*\n • admin *asy🌷*","status":"on"}],"62895380406206-1552371771@g.us":[{"text":"Halo @NAME Selamat Bergabung Di Grub @GROUP","status":"on"}]}